202609290700,28.8,hko
202609290800,29.1,hko
202609290900,29.5,hko
202609291000,30,hko
202609291100,31.3,hko
202609291200,31.7,hko
202609291300,32.4,hko
202609291400,32.8,hko
202609291500,32.6,hko
202609291600,32.4,hko
202609291700,31.8,hko
202609291800,30.9,hko
202609291900,30.3,hko
202609292000,30,hko
202609292100,29.9,hko
202609292200,29.7,hko
202609292300,29.6,hko
202609300000,29.5,hko
202609300100,29.4,hko
202609300200,29.2,hko
202609300300,29,hko
202609300400,29,hko
202609300500,28.9,hko
202609300600,28.8,hko
202609290700,29,hka
202609290800,29.4,hka
202609290900,30.5,hka
202609291000,31.6,hka
202609291100,31.9,hka
202609291200,32,hka
202609291300,32.2,hka
202609291400,33,hka
202609291500,33,hka
202609291600,31.8,hka
202609291700,31.9,hka
202609291800,31,hka
202609291900,30.3,hka
202609292000,30.5,hka
202609292100,30.3,hka
202609292200,30,hka
202609292300,30.4,hka
202609300000,29.9,hka
202609300100,29.7,hka
202609300200,29.6,hka
202609300300,29.1,hka
202609300400,29.2,hka
202609300500,29,hka
202609300600,28.9,hka
202609290700,27.5,sha
202609290800,30.4,sha
202609290900,31.3,sha
202609291000,31.7,sha
202609291100,33.2,sha
202609291200,33.3,sha
202609291300,33.2,sha
202609291400,33.9,sha
202609291500,33.1,sha
202609291600,31.8,sha
202609291700,31.4,sha
202609291800,30.1,sha
202609291900,29.7,sha
202609292000,29.5,sha
202609292100,29.4,sha
202609292200,29.3,sha
202609292300,29.2,sha
202609300000,29,sha
202609300100,28.9,sha
202609300200,28.8,sha
202609300300,28.8,sha
202609300400,28.4,sha
202609300500,27.5,sha
202609300600,27.1,sha
202609290700,28.9,skg
202609290800,31.5,skg
202609290900,33,skg
202609291000,32.9,skg
202609291100,32.5,skg
202609291200,32.2,skg
202609291300,32.8,skg
202609291400,32.9,skg
202609291500,33.5,skg
202609291600,33,skg
202609291700,32.3,skg
202609291800,31.2,skg
202609291900,30.3,skg
202609292000,30,skg
202609292100,29.6,skg
202609292200,29.2,skg
202609292300,29,skg
202609300000,28.6,skg
202609300100,28.6,skg
202609300200,28.6,skg
202609300300,28.6,skg
202609300400,28.3,skg
202609300500,27.9,skg
202609300600,27.8,skg
202609290700,28.2,ty1
202609290800,28.9,ty1
202609290900,29.4,ty1
202609291000,30.1,ty1
202609291100,30.4,ty1
202609291200,31.1,ty1
202609291300,31.5,ty1
202609291400,31.2,ty1
202609291500,31.2,ty1
202609291600,30.3,ty1
202609291700,29.8,ty1
202609291800,29.3,ty1
202609291900,29.3,ty1
202609292000,28.9,ty1
202609292100,28.7,ty1
202609292200,28.8,ty1
202609292300,28.8,ty1
202609300000,28.9,ty1
202609300100,28.7,ty1
202609300200,28.6,ty1
202609300300,28.3,ty1
202609300400,27.2,ty1
202609300500,27.8,ty1
202609300600,27.2,ty1
202609290700,27.6,lfs
202609290800,28.7,lfs
202609290900,29.5,lfs
202609291000,30.7,lfs
202609291100,32.3,lfs
202609291200,33.5,lfs
202609291300,33.6,lfs
202609291400,33.5,lfs
202609291500,33.4,lfs
202609291600,32.8,lfs
202609291700,31.6,lfs
202609291800,30.3,lfs
202609291900,28.9,lfs
202609292000,28.7,lfs
202609292100,28.3,lfs
202609292200,28,lfs
202609292300,28.1,lfs
202609300000,27.7,lfs
202609300100,28,lfs
202609300200,27.8,lfs
202609300300,27.6,lfs
202609300400,27.6,lfs
202609300500,27.6,lfs
202609300600,27.5,lfs
202609290700,25.7,tkl
202609290800,28.6,tkl
202609290900,30.9,tkl
202609291000,32,tkl
202609291100,33.2,tkl
202609291200,33.7,tkl
202609291300,34.4,tkl
202609291400,34.8,tkl
202609291500,35,tkl
202609291600,35,tkl
202609291700,33,tkl
202609291800,31.5,tkl
202609291900,30.1,tkl
202609292000,28.9,tkl
202609292100,28.2,tkl
202609292200,27.7,tkl
202609292300,27.5,tkl
202609300000,27.1,tkl
202609300100,26.7,tkl
202609300200,26.4,tkl
202609300300,26.3,tkl
202609300400,25.9,tkl
202609300500,25.8,tkl
202609300600,25.7,tkl
202609290700,27.6,cch
202609290800,28,cch
202609290900,28.9,cch
202609291000,29.8,cch
202609291100,30.9,cch
202609291200,32.5,cch
202609291300,32.3,cch
202609291400,32.2,cch
202609291500,32.3,cch
202609291600,31,cch
202609291700,29.7,cch
202609291800,28.8,cch
202609291900,28.2,cch
202609292000,28.1,cch
202609292100,27.9,cch
202609292200,28,cch
202609292300,27.9,cch
202609300000,27.9,cch
202609300100,27.9,cch
202609300200,27.7,cch
202609300300,27.7,cch
202609300400,27.8,cch
202609300500,27.6,cch
202609300600,27.4,cch
202609290700,28.3,kp
202609290800,29.1,kp
202609290900,30,kp
202609291000,30.4,kp
202609291100,31.4,kp
202609291200,31.8,kp
202609291300,32.1,kp
202609291400,32.3,kp
202609291500,32.1,kp
202609291600,31.4,kp
202609291700,31.2,kp
202609291800,30.1,kp
202609291900,29.4,kp
202609292000,29.2,kp
202609292100,29.1,kp
202609292200,28.9,kp
202609292300,28.9,kp
202609300000,28.8,kp
202609300100,28.8,kp
202609300200,28.7,kp
202609300300,28.4,kp
202609300400,28.3,kp
202609300500,28.3,kp
202609300600,28.2,kp
202609290700,28.1,wgl
202609290800,28.6,wgl
202609290900,29.2,wgl
202609291000,30.2,wgl
202609291100,33.3,wgl
202609291200,33,wgl
202609291300,33.5,wgl
202609291400,32.3,wgl
202609291500,31,wgl
202609291600,30.6,wgl
202609291700,30.3,wgl
202609291800,29.2,wgl
202609291900,28.8,wgl
202609292000,28.9,wgl
202609292100,28.7,wgl
202609292200,28.9,wgl
202609292300,28.9,wgl
202609300000,28.8,wgl
202609300100,28.6,wgl
202609300200,28.4,wgl
202609300300,28.2,wgl
202609300400,28.1,wgl
202609300500,28,wgl
202609300600,27.9,wgl
202609290700,21.3,tms
202609290800,21.4,tms
202609290900,22.2,tms
202609291000,22.6,tms
202609291100,23.5,tms
202609291200,23.2,tms
202609291300,24,tms
202609291400,25.5,tms
202609291500,24.8,tms
202609291600,24.7,tms
202609291700,24.7,tms
202609291800,22.7,tms
202609291900,22.5,tms
202609292000,22.4,tms
202609292100,23,tms
202609292200,22.9,tms
202609292300,22.9,tms
202609300000,22.7,tms
202609300100,22.8,tms
202609300200,22.7,tms
202609300300,22,tms
202609300400,21.8,tms
202609300500,21.5,tms
202609300600,21.6,tms
202609290700,23.9,tc
202609290800,25.7,tc
202609290900,27.6,tc
202609291000,27.7,tc
202609291100,28.9,tc
202609291200,30.8,tc
202609291300,30.4,tc
202609291400,30.1,tc
202609291500,28.4,tc
202609291600,27.4,tc
202609291700,26.8,tc
202609291800,25.8,tc
202609291900,25.1,tc
202609292000,24.8,tc
202609292100,24.7,tc
202609292200,24.8,tc
202609292300,24.5,tc
202609300000,24.5,tc
202609300100,24.5,tc
202609300200,24.4,tc
202609300300,24.2,tc
202609300400,24.3,tc
202609300500,24.2,tc
202609300600,24.1,tc
202609290700,28.5,cwb
202609290800,30.6,cwb
202609290900,31.3,cwb
202609291000,31.3,cwb
202609291100,31.6,cwb
202609291200,31.6,cwb
202609291300,31.8,cwb
202609291400,31.6,cwb
202609291500,31.2,cwb
202609291600,30.8,cwb
202609291700,30,cwb
202609291800,28.8,cwb
202609291900,28.4,cwb
202609292000,28.4,cwb
202609292100,28.2,cwb
202609292200,28.2,cwb
202609292300,27.9,cwb
202609300000,28,cwb
202609300100,28.1,cwb
202609300200,27.7,cwb
202609300300,27.7,cwb
202609300400,27.7,cwb
202609300500,27.5,cwb
202609300600,27.3,cwb
202609290700,28,wlp
202609290800,29.1,wlp
202609290900,29.6,wlp
202609291000,30.5,wlp
202609291100,31.6,wlp
202609291200,32.6,wlp
202609291300,33.1,wlp
202609291400,34,wlp
202609291500,34.2,wlp
202609291600,33.4,wlp
202609291700,33.1,wlp
202609291800,31.1,wlp
202609291900,29.7,wlp
202609292000,29.3,wlp
202609292100,28.7,wlp
202609292200,28.7,wlp
202609292300,28.5,wlp
202609300000,28.4,wlp
202609300100,28.2,wlp
202609300200,27.9,wlp
202609300300,27.7,wlp
202609300400,27.4,wlp
202609300500,27.1,wlp
202609300600,26.8,wlp
202609290700,28.2,tu1
202609290800,29.4,tu1
202609290900,30,tu1
202609291000,31.6,tu1
202609291100,32.7,tu1
202609291200,33.1,tu1
202609291300,33.3,tu1
202609291400,33.5,tu1
202609291500,32.7,tu1
202609291600,31.6,tu1
202609291700,30.6,tu1
202609291800,30.3,tu1
202609291900,29.7,tu1
202609292000,29.4,tu1
202609292100,29.3,tu1
202609292200,29.1,tu1
202609292300,28.9,tu1
202609300000,28.3,tu1
202609300100,28.2,tu1
202609300200,28.6,tu1
202609300300,28.4,tu1
202609300400,28.4,tu1
202609300500,28.4,tu1
202609300600,28.2,tu1
202609290700,28.3,hks
202609290800,29.3,hks
202609290900,29.7,hks
202609291000,30.5,hks
202609291100,30.4,hks
202609291200,31.2,hks
202609291300,31.3,hks
202609291400,31.2,hks
202609291500,31.5,hks
202609291600,30.3,hks
202609291700,30.2,hks
202609291800,29.6,hks
202609291900,29.4,hks
202609292000,29.3,hks
202609292100,29.2,hks
202609292200,29.1,hks
202609292300,28.9,hks
202609300000,28.9,hks
202609300100,29,hks
202609300200,29,hks
202609300300,28.7,hks
202609300400,28.4,hks
202609300500,28.5,hks
202609300600,28.2,hks
202609290700,29.5,se1
202609290800,30.2,se1
202609290900,31.1,se1
202609291000,31.8,se1
202609291100,33.9,se1
202609291200,33,se1
202609291300,34,se1
202609291400,34.3,se1
202609291500,33.5,se1
202609291600,32.1,se1
202609291700,31.5,se1
202609291800,30.7,se1
202609291900,30.5,se1
202609292000,30.4,se1
202609292100,30.3,se1
202609292200,30.2,se1
202609292300,30,se1
202609300000,30,se1
202609300100,29.8,se1
202609300200,29.7,se1
202609300300,29.6,se1
202609300400,29.4,se1
202609300500,29.4,se1
202609300600,29.4,se1
202609290700,28.4,jkb
202609290800,29.9,jkb
202609290900,31.6,jkb
202609291000,32.7,jkb
202609291100,33.5,jkb
202609291200,34.4,jkb
202609291300,33.6,jkb
202609291400,33.8,jkb
202609291500,34.2,jkb
202609291600,32,jkb
202609291700,30.5,jkb
202609291800,29.7,jkb
202609291900,29.1,jkb
202609292000,28.7,jkb
202609292100,28.3,jkb
202609292200,28.9,jkb
202609292300,28.7,jkb
202609300000,28.1,jkb
202609300100,28.2,jkb
202609300200,27.5,jkb
202609300300,27.3,jkb
202609300400,27.1,jkb
202609300500,26.8,jkb
202609300600,26.4,jkb
202609290700,27.3,plc
202609290800,28.7,plc
202609290900,30,plc
202609291000,31.6,plc
202609291100,32.6,plc
202609291200,34.8,plc
202609291300,33.9,plc
202609291400,33.5,plc
202609291500,32.9,plc
202609291600,31.2,plc
202609291700,30.5,plc
202609291800,29.8,plc
202609291900,29.2,plc
202609292000,28.9,plc
202609292100,28.7,plc
202609292200,28.8,plc
202609292300,28.5,plc
202609300000,28.1,plc
202609300100,27.8,plc
202609300200,27.9,plc
202609300300,27.5,plc
202609300400,27.2,plc
202609300500,26.8,plc
202609300600,26.7,plc
202609290700,24.4,tyw
202609290800,26.8,tyw
202609290900,30.8,tyw
202609291000,32.6,tyw
202609291100,31.8,tyw
202609291200,31.8,tyw
202609291300,33.2,tyw
202609291400,34.3,tyw
202609291500,33.4,tyw
202609291600,32.4,tyw
202609291700,31.1,tyw
202609291800,29.5,tyw
202609291900,28,tyw
202609292000,27,tyw
202609292100,26.3,tyw
202609292200,25.8,tyw
202609292300,25.4,tyw
202609300000,25.2,tyw
202609300100,25,tyw
202609300200,24.7,tyw
202609300300,24.6,tyw
202609300400,24.4,tyw
202609300500,24.4,tyw
202609300600,24.2,tyw
202609290700,27.7,ylp
202609290800,30.5,ylp
202609290900,32,ylp
202609291000,31.5,ylp
202609291100,33.9,ylp
202609291200,34.5,ylp
202609291300,35.1,ylp
202609291400,36,ylp
202609291500,35.6,ylp
202609291600,34,ylp
202609291700,32.9,ylp
202609291800,31,ylp
202609291900,30,ylp
202609292000,29.7,ylp
202609292100,29.4,ylp
202609292200,29.2,ylp
202609292300,28.8,ylp
202609300000,28.6,ylp
202609300100,28.6,ylp
202609300200,28.3,ylp
202609300300,28,ylp
202609300400,27.6,ylp
202609300500,27.7,ylp
202609300600,27.5,ylp
202609290700,26.9,sek
202609290800,28.9,sek
202609290900,31,sek
202609291000,31.3,sek
202609291100,32.3,sek
202609291200,31.8,sek
202609291300,33.3,sek
202609291400,34.2,sek
202609291500,34.3,sek
202609291600,33,sek
202609291700,32.9,sek
202609291800,30.8,sek
202609291900,29.9,sek
202609292000,29.1,sek
202609292100,28.7,sek
202609292200,28.1,sek
202609292300,28,sek
202609300000,27.7,sek
202609300100,27.3,sek
202609300200,27,sek
202609300300,27,sek
202609300400,26.7,sek
202609300500,26.7,sek
202609300600,26.4,sek
202609290700,27.3,yct
202609290800,30,yct
202609290900,31.8,yct
202609291000,32.4,yct
202609291100,34.2,yct
202609291200,34.8,yct
202609291300,34.9,yct
202609291400,34.9,yct
202609291500,35.1,yct
202609291600,33.3,yct
202609291700,32,yct
202609291800,31.1,yct
202609291900,30.7,yct
202609292000,30.3,yct
202609292100,30,yct
202609292200,29.4,yct
202609292300,28.8,yct
202609300000,29,yct
202609300100,28.3,yct
202609300200,28.1,yct
202609300300,27.8,yct
202609300400,27.4,yct
202609300500,27.1,yct
202609300600,27,yct
202609290700,23.6,ngp
202609290800,24,ngp
202609290900,24.9,ngp
202609291000,27.3,ngp
202609291100,27.2,ngp
202609291200,27.9,ngp
202609291300,27.5,ngp
202609291400,26,ngp
202609291500,25.5,ngp
202609291600,25.4,ngp
202609291700,24.9,ngp
202609291800,24.7,ngp
202609291900,24.3,ngp
202609292000,23.7,ngp
202609292100,23.9,ngp
202609292200,24.2,ngp
202609292300,24.3,ngp
202609300000,24.4,ngp
202609300100,24.1,ngp
202609300200,23.6,ngp
202609300300,22.8,ngp
202609300400,23.4,ngp
202609300500,23.3,ngp
202609300600,23.4,ngp
202609290700,25.2,vp1
202609290800,25.6,vp1
202609290900,26.2,vp1
202609291000,27.7,vp1
202609291100,27.4,vp1
202609291200,27.7,vp1
202609291300,28.9,vp1
202609291400,28.1,vp1
202609291500,27.2,vp1
202609291600,26.9,vp1
202609291700,26.9,vp1
202609291800,26.4,vp1
202609291900,25.9,vp1
202609292000,25.8,vp1
202609292100,25.7,vp1
202609292200,25.8,vp1
202609292300,25.6,vp1
202609300000,25.6,vp1
202609300100,25.6,vp1
202609300200,25.6,vp1
202609300300,25.4,vp1
202609300400,25.3,vp1
202609300500,25.1,vp1
202609300600,25.2,vp1
202609290700,27.4,pen
202609290800,30.4,pen
202609290900,33.3,pen
202609291000,35.2,pen
202609291100,33.7,pen
202609291200,32.5,pen
202609291300,34.7,pen
202609291400,34.5,pen
202609291500,33,pen
202609291600,31,pen
202609291700,29.7,pen
202609291800,29.2,pen
202609291900,28.7,pen
202609292000,28.2,pen
202609292100,28,pen
202609292200,27.9,pen
202609292300,27.9,pen
202609300000,27.8,pen
202609300100,27.8,pen
202609300200,27.6,pen
202609300300,27,pen
202609300400,26.9,pen
202609300500,27,pen
202609300600,26.8,pen
202609290700,27.4,ssh
202609290800,29.3,ssh
202609290900,30.3,ssh
202609291000,31.3,ssh
202609291100,32.1,ssh
202609291200,32.9,ssh
202609291300,33.7,ssh
202609291400,35.2,ssh
202609291500,35.8,ssh
202609291600,34.5,ssh
202609291700,33,ssh
202609291800,31.9,ssh
202609291900,31,ssh
202609292000,30.1,ssh
202609292100,29.5,ssh
202609292200,28.9,ssh
202609292300,28.7,ssh
202609300000,28.2,ssh
202609300100,27.9,ssh
202609300200,27.9,ssh
202609300300,27.7,ssh
202609300400,27.5,ssh
202609300500,27.1,ssh
202609300600,27.1,ssh
202609290700,26.9,twn
202609290800,27.6,twn
202609290900,27.9,twn
202609291000,28.8,twn
202609291100,29.7,twn
202609291200,30.8,twn
202609291300,30.1,twn
202609291400,31.4,twn
202609291500,31.1,twn
202609291600,29.8,twn
202609291700,29,twn
202609291800,28.5,twn
202609291900,28.2,twn
202609292000,27.9,twn
202609292100,27.5,twn
202609292200,27.4,twn
202609292300,27.4,twn
202609300000,27.3,twn
202609300100,27.4,twn
202609300200,27.2,twn
202609300300,26.7,twn
202609300400,25.9,twn
202609300500,26.1,twn
202609300600,25.6,twn
202609290700,28.1,hkp
202609290800,28.6,hkp
202609290900,28.8,hkp
202609291000,30.3,hkp
202609291100,30.8,hkp
202609291200,31.3,hkp
202609291300,31.3,hkp
202609291400,31.8,hkp
202609291500,31.2,hkp
202609291600,30.3,hkp
202609291700,29.9,hkp
202609291800,29.6,hkp
202609291900,29.6,hkp
202609292000,29.3,hkp
202609292100,29.1,hkp
202609292200,29,hkp
202609292300,28.9,hkp
202609300000,28.5,hkp
202609300100,28.6,hkp
202609300200,28.7,hkp
202609300300,28.3,hkp
202609300400,28.6,hkp
202609300500,28.1,hkp
202609300600,27.9,hkp
202609290700,28.9,skw
202609290800,29.6,skw
202609290900,30.1,skw
202609291000,31,skw
202609291100,31.8,skw
202609291200,32.8,skw
202609291300,32.5,skw
202609291400,33.5,skw
202609291500,30.7,skw
202609291600,30.5,skw
202609291700,30.1,skw
202609291800,29.5,skw
202609291900,29.3,skw
202609292000,29.5,skw
202609292100,29.1,skw
202609292200,29.2,skw
202609292300,28.9,skw
202609300000,28.9,skw
202609300100,29,skw
202609300200,28.8,skw
202609300300,28.7,skw
202609300400,28.7,skw
202609300500,28.7,skw
202609300600,28.5,skw
202609290700,27.9,klt
202609290800,29.8,klt
202609290900,31.5,klt
202609291000,32.2,klt
202609291100,32.8,klt
202609291200,34,klt
202609291300,33.8,klt
202609291400,33.3,klt
202609291500,33.6,klt
202609291600,32.9,klt
202609291700,31.7,klt
202609291800,29.9,klt
202609291900,29.1,klt
202609292000,29,klt
202609292100,28.8,klt
202609292200,28.8,klt
202609292300,28.7,klt
202609300000,28.6,klt
202609300100,28.5,klt
202609300200,28.4,klt
202609300300,28.2,klt
202609300400,28.3,klt
202609300500,28.2,klt
202609300600,28,klt
202609290700,28.7,hpv
202609290800,29.5,hpv
202609290900,30.7,hpv
202609291000,32.2,hpv
202609291100,33.2,hpv
202609291200,33.6,hpv
202609291300,34.1,hpv
202609291400,34.4,hpv
202609291500,32.7,hpv
202609291600,31,hpv
202609291700,30.9,hpv
202609291800,30.2,hpv
202609291900,29.9,hpv
202609292000,29.8,hpv
202609292100,29.7,hpv
202609292200,29.7,hpv
202609292300,29.6,hpv
202609300000,29.5,hpv
202609300100,29.4,hpv
202609300200,29.2,hpv
202609300300,28.8,hpv
202609300400,29,hpv
202609300500,28.4,hpv
202609300600,27.9,hpv
202609290700,27.1,ksc
202609290800,29.2,ksc
202609290900,30.9,ksc
202609291000,32.2,ksc
202609291100,32.5,ksc
202609291200,33,ksc
202609291300,33.2,ksc
202609291400,33.8,ksc
202609291500,32.5,ksc
202609291600,31.9,ksc
202609291700,30.9,ksc
202609291800,29.4,ksc
202609291900,29,ksc
202609292000,28.5,ksc
202609292100,28.3,ksc
202609292200,27.6,ksc
202609292300,27.2,ksc
202609300000,26.8,ksc
202609300100,26.9,ksc
202609300200,26.5,ksc
202609300300,26.3,ksc
202609300400,26.5,ksc
202609300500,26.1,ksc
202609300600,26.3,ksc
202609290700,28.5,wts
202609290800,30.4,wts
202609290900,31.2,wts
202609291000,32.1,wts
202609291100,33.3,wts
202609291200,33.6,wts
202609291300,33.5,wts
202609291400,34.3,wts
202609291500,33.4,wts
202609291600,33.2,wts
202609291700,32.2,wts
202609291800,30.8,wts
202609291900,30.2,wts
202609292000,29.8,wts
202609292100,29.6,wts
202609292200,29.4,wts
202609292300,29.4,wts
202609300000,29.2,wts
202609300100,29.1,wts
202609300200,29,wts
202609300300,28.8,wts
202609300400,28.7,wts
202609300500,28.6,wts
202609300600,28.2,wts
202609290700,28.3,sty
202609290800,28.8,sty
202609290900,29.6,sty
202609291000,30.6,sty
202609291100,30.2,sty
202609291200,31.2,sty
202609291300,30.7,sty
202609291400,30.9,sty
202609291500,30.3,sty
202609291600,30,sty
202609291700,29.6,sty
202609291800,29.2,sty
202609291900,28.9,sty
202609292000,28.7,sty
202609292100,28.6,sty
202609292200,28.6,sty
202609292300,28.6,sty
202609300000,28.4,sty
202609300100,28.5,sty
202609300200,28.3,sty
202609300300,28.3,sty
202609300400,28.1,sty
202609300500,28,sty
202609300600,27.9,sty
202609290700,28.4,ktg
202609290800,30.2,ktg
202609290900,31.3,ktg
202609291000,32.7,ktg
202609291100,33.3,ktg
202609291200,34.7,ktg
202609291300,34.5,ktg
202609291400,34.2,ktg
202609291500,33.1,ktg
202609291600,31.4,ktg
202609291700,30.3,ktg
202609291800,29.9,ktg
202609291900,29.4,ktg
202609292000,29.3,ktg
202609292100,29.4,ktg
202609292200,29.1,ktg
202609292300,29,ktg
202609300000,29.1,ktg
202609300100,28.9,ktg
202609300200,28.7,ktg
202609300300,28.5,ktg
202609300400,28.3,ktg
202609300500,28.4,ktg
202609300600,28.3,ktg
202609290700,28.7,ssp
202609290800,29.8,ssp
202609290900,30.2,ssp
202609291000,32.1,ssp
202609291100,31.7,ssp
202609291200,31.9,ssp
202609291300,32,ssp
202609291400,32.2,ssp
202609291500,31.8,ssp
202609291600,31.1,ssp
202609291700,30.7,ssp
202609291800,29.8,ssp
202609291900,29.5,ssp
202609292000,29.2,ssp
202609292100,29.1,ssp
202609292200,29.2,ssp
202609292300,29.1,ssp
202609300000,29.1,ssp
202609300100,29,ssp
202609300200,28.6,ssp
202609300300,28.6,ssp
202609300400,28.5,ssp
202609300500,28.7,ssp
202609300600,28.1,ssp
202609290700,26.9,tw
202609290800,28.3,tw
202609290900,29.9,tw
202609291000,32.1,tw
202609291100,33,tw
202609291200,32.6,tw
202609291300,32.1,tw
202609291400,32.5,tw
202609291500,31.7,tw
202609291600,31.4,tw
202609291700,30.6,tw
202609291800,30,tw
202609291900,29.9,tw
202609292000,29.4,tw
202609292100,29.1,tw
202609292200,29.2,tw
202609292300,29.1,tw
202609300000,28.9,tw
202609300100,28.9,tw
202609300200,29.1,tw
202609300300,28.4,tw
202609300400,27.7,tw
202609300500,27.7,tw
202609300600,27.3,tw
202609290700,26.2,tls
202609290800,29.3,tls
202609290900,31.3,tls
202609291000,32.6,tls
202609291100,32.9,tls
202609291200,33.5,tls
202609291300,34.1,tls
202609291400,34.7,tls
202609291500,35.4,tls
202609291600,33.8,tls
202609291700,32.7,tls
202609291800,31.1,tls
202609291900,29.5,tls
202609292000,29.1,tls
202609292100,27.5,tls
202609292200,26.8,tls
202609292300,26.5,tls
202609300000,26.3,tls
202609300100,26,tls
202609300200,25.8,tls
202609300300,25.7,tls
202609300400,25.5,tls
202609300500,25.7,tls
202609300600,26.3,tls
